NAME	ID	PATTERN	GROUP_COUNT	REGEX	PROSITE	CSEARCH	TETREX_IBF	TETREX	EGREP	BIN_COUNT	CSEARCH_BINS	TETREX_BINS	CSEARCH_FP	TETREX_FP	RIPGREP
ANTENNAPEDIA	PS00032	[LIVMFE]-[FY]-P-W-M-[KRQTA]	5	(L|I|V|M|F|E)(F|Y)PWM(K|R|Q|T|A)	10.686	0.208119	0.009352	0.074809	14.592	7	479	561	472	554	0.132
ENGRAILED	PS00033	L-M-A-[EQ]-G-L-Y-N	7	LMA(E|Q)GLYN	10.512	0.43081	0.001576	0.001713	3.324	3	991	3	988	0	0.373
DNA_MISMATCH_REPAIR_1	PS00058	G-F-R-G-E-[AG]-L	6	GFRGE(A|G)L	10.902	0.430812	0.028046	0.003708	2.959	7	991	8	984	1	0.152
L_LDH	PS00064	[LIVMA]-G-[EQ]-H-G-[DN]-[ST]	6	(L|I|V|M|A)G(E|Q)HG(D|N)(S|T)	10.712	0.430432	0.006144	0.00245	11.24	3	993	10	990	7	0.128
G6P_DEHYDROGENASE	PS00069	D-H-[YF]-L-G-K-[EQK]	6	DH(Y|F)LGK(E|Q|K)	9.343	0.421385	0.002936	0.001794	2.271	1	959	4	958	3	0.291
N6_MTASE	PS00092	[LIVMAC]-[LIVFYWA]-{DYP}-[DN]-P-P-[FYW]	6	(L|I|V|M|A|C)(L|I|V|F|Y|W|A)(M|K|I|E|N|R|L|W|T|G|Q|F|S|C|H|A|V)(D|N)PP(F|Y|W)	11.11	0.423416	0.084326	0.123862	34.788	43	961	640	918	597	0.163
N4_MTASE	PS00093	[LIVMF]-T-S-P-P-[FY]	5	(L|I|V|M|F)TSPP(F|Y)	10.301	0.415475	0.005039	0.019557	13.186	4	953	179	949	175	0.129
RNA_POL_II_REPEAT	PS00115	Y-[ST]-P-[ST]-S-P-[STANK]	6	Y(S|T)P(S|T)SP(S|T|A|N|K)	9.327	0.4393	0.014497	0.009391	2.671	11	1006	27	995	16	0.222
DNA_POLYMERASE_B	PS00116	[YA]-[GLIVMSTAC]-D-T-D-[SG]-[LIVMFTC]-{LA}-[LIVMSTAC]	8	(Y|A)(G|L|I|V|M|S|T|A|C)DTD(S|G)(L|I|V|M|F|T|C)(S|V|K|T|G|M|W|F|P|I|E|Q|Y|D|C|N|H|R)(L|I|V|M|S|T|A|C)	10.075	0.448284	0.018478	0.02553	10.887	13	1011	30	998	17	0.137
LIPASE_SER	PS00120	[LIV]-{KG}-[LIVFY]-[LIVMST]-G-[HYWV]-S-{YAG}-G-[GSTAC]	9	(L|I|V)(T|L|R|S|E|W|F|V|N|I|H|C|M|A|Y|D|Q|P)(L|I|V|F|Y)(L|I|V|M|S|T)G(H|Y|W|V)S(I|H|T|L|C|R|S|M|K|E|W|F|V|N|D|Q|P)G(G|S|T|A|C)	11.308	0.450193	0.067829	0.116906	30.3	43	1023	120	980	77	0.775
SER_THR_PHOSPHATASE	PS00125	[LIVMN]-[KR]-G-N-H-E	5	(L|I|V|M|N)(K|R)GNHE	10.626	0.393833	0.016605	0.030754	15.513	15	907	184	892	169	0.163
TRYPSIN_HIS	PS00134	[LIVM]-[ST]-A-[STAG]-H-C	5	(L|I|V|M)(S|T)A(S|T|A|G)HC	10.378	0.441953	0.090531	0.135001	10.038	76	1009	469	933	393	0.141
ASP_PROTEASE	PS00141	[LIVMFGAC]-[LIVMTADN]-[LIVFSA]-D-[ST]-G-[STAV]-[STAPDENQ]-{GQ}-[LIVMFSTNC]-{EGK}-[LIVMFGTA]	11	(L|I|V|M|F|G|A|C)(L|I|V|M|T|A|D|N)(L|I|V|F|S|A)D(S|T)G(S|T|A|V)(S|T|A|P|D|E|N|Q)(E|C|L|S|A|D|W|K|R|F|I|Y|V|H|T|N|P|M)(L|I|V|M|F|S|T|N|C)(Q|R|F|C|L|I|S|Y|V|A|H|T|D|W|N|P|M)(L|I|V|M|F|G|T|A)	12.718	0.449569	0.072397	0.175282	45.349	53	1020	262	967	209	1.463
ZINC_PROTEASE	PS00142	[GSTALIVN]-{PCHR}-{KND}-H-E-[LIVMFYW]-{DEHRKP}-H-{EKPC}-[LIVMFYWGSPQ]	9	(G|S|T|A|L|I|V|N)(K|Q|W|Y|N|T|S|E|L|G|M|V|A|D|I|F)(Q|Y|W|P|R|T|S|E|L|G|M|C|H|V|A|I|F)HE(L|I|V|M|F|Y|W)(Q|Y|W|N|T|S|G|L|M|C|V|A|I|F)H(Q|Y|W|R|N|T|S|G|L|M|H|V|A|D|I|F)(L|I|V|M|F|Y|W|G|S|P|Q)	13.122	0.47035	0.078933	0.531609	95.17	28	1023	275	995	247	1.162
ATPASE_E1_E2	PS00154	D-K-T-G-T-[LIVM]-[TI]	6	DKTGT(L|I|V|M)(T|I)	9.313	0.446839	0.031694	0.018774	2.616	40	1018	43	978	3	0.154
ISOCITRATE_LYASE	PS00161	K-[KR]-C-G-H-[LMQR]	5	K(K|R)CGH(L|M|Q|R)	10.061	0.327178	0.009521	0.046517	3.776	10	754	114	744	104	0.301
TIM_1	PS00171	[AVG]-[YLV]-E-P-[LIVMEPKST]-[WYEAS]-[SAL]-[IV]-[GN]-[TEKDVS]-[GKNAD]	10	(A|V|G)(Y|L|V)EP(L|I|V|M|E|P|K|S|T)(W|Y|E|A|S)(S|A|L)(I|V)(G|N)(T|E|K|D|V|S)(G|K|N|A|D)	10.802	0.445914	0.009745	0.020485	11.465	5	1023	5	1018	0	0.167
TOPOISOMERASE_II	PS00177	[LIVMA]-{R}-E-G-[DN]-S-A-{F}-[STAG]	8	(L|I|V|M|A)(F|V|G|C|W|Q|N|Y|L|A|E|P|I|S|M|D|K|H|T)EG(D|N)SA(V|G|R|C|W|Q|N|Y|L|A|E|P|I|S|M|D|K|H|T)(S|T|A|G)	11.389	0.444822	0.015163	0.011667	41.635	13	1020	30	1007	17	1.208
CYTOCHROME_B5_1	PS00191	[FY]-[LIVMK]-{I}-{Q}-H-P-[GA]-G	7	(F|Y)(L|I|V|M|K)(C|H|P|R|Q|D|V|M|G|S|F|Y|W|E|K|A|L|T|N)(C|H|P|R|D|V|M|G|S|F|Y|I|W|E|K|A|L|T|N)HP(G|A)G	9.662	0.471129	0.032501	0.09396	11.104	13	1014	66	1001	53	0.393
MIP	PS00221	[HNQA]-{D}-N-P-[STA]-[LIVMF]-[ST]-[LIVMF]-[GSTAFY]	8	(H|N|Q|A)(H|M|Y|W|P|G|A|I|T|E|S|Q|L|F|C|N|V|K|R)NP(S|T|A)(L|I|V|M|F)(S|T)(L|I|V|M|F)(G|S|T|A|F|Y)	10.814	0.488571	0.017869	0.029216	29.663	14	1022	69	1008	55	1.028
CLATHRIN_LIGHT_CHN_1	PS00224	F-L-A-[QH]-[QE]-E-S	6	FLA(Q|H)(Q|E)ES	9.301	0.463067	0.000501	0.001703	2.287	1	1019	4	1018	3	0.297
IF_ROD_1	PS00226	[IV]-{K}-[TACI]-Y-[RKH]-{E}-[LM]-L-[DE]	8	(I|V)(S|Y|W|T|R|P|F|E|I|D|Q|H|A|V|C|G|N|M|L)(T|A|C|I)Y(R|K|H)(S|Y|W|T|R|P|F|I|K|D|Q|H|A|V|C|G|N|M|L)(L|M)L(D|E)	10.069	0.450586	0.064614	0.208499	18.632	32	1023	60	991	28	0.586
TUBULIN	PS00227	[SAG]-G-G-T-G-[SA]-G	6	(S|A|G)GGTG(S|A)G	9.956	0.443863	0.012438	0.008546	6.43	10	1019	46	1009	36	0.170
F_ACTIN_CAPPING_BETA	PS00231	C-[DE]-[YF]-N-R-D	5	C(D|E)(Y|F)NRD	9.125	0.442811	0.002639	0.01672	2.871	2	967	52	965	50	0.191
TACHYKININ	PS00267	F-[IVFY]-G-[LM]-M-[G>]	5	F(I|V|F|Y)G(L|M)M(G|$)	9.185	0.446965	0.025114	0.082017	3.951	31	1022	207	991	176	0.267
IG_MHC	PS00290	[FY]-{L}-C-{PGAD}-[VA]-{LC}-H	6	(F|Y)(M|I|F|H|E|P|R|C|V|W|G|K|T|S|D|Y|N|A|Q)C(M|I|V|F|W|H|E|Q|K|T|S|R|Y|N|C|L)(V|A)(M|I|F|H|E|P|R|V|W|G|K|T|S|D|Y|N|A|Q)H	9.524	0.44957	0.131679	1.0346	14.986	92	1023	992	931	900	0.409
PRION_1	PS00291	A-G-A-A-A-A-G-A-V-V-G-G-L-G-G-Y	15	AGAAAAGAVVGGLGGY	10.834	0.440162	0.002528	0.001128	2.57	1	1001	1	1000	0	0.150
LECTIN_LEGUME_BETA	PS00307	[LIV]-[STAG]-V-[DEQV]-[FLI]-D-[ST]	6	(L|I|V)(S|T|A|G)V(D|E|Q|V)(F|L|I)D(S|T)	10.341	0.447299	0.057055	0.069795	12.314	59	1023	227	964	168	0.143
LECTIN_LEGUME_ALPHA	PS00308	[LIV]-{LA}-[EDQ]-[FYWKR]-V-{VF}-[LIVF]-G-[LF]-[ST]	9	(L|I|V)(D|W|M|F|I|Y|V|C|T|R|K|G|S|E|N|Q|H|P)(E|D|Q)(F|Y|W|K|R)V(D|W|M|L|I|Y|C|T|A|R|K|G|S|E|N|Q|H|P)(L|I|V|F)G(L|F)(S|T)	11.615	0.451597	0.202688	0.510175	27.39	13	1023	30	1010	17	0.838
APP_CUBD	PS00319	G-[VT]-[EK]-[FY]-V-C-C-P	7	G(V|T)(E|K)(F|Y)VCCP	10.073	0.251958	0.001792	0.001548	3.635	2	582	2	580	0	0.395
APP_INTRA	PS00320	G-Y-E-N-P-T-Y-[KRS]	7	GYENPTY(K|R|S)	9.78	0.401309	0.000935	0.001107	2.801	2	919	2	917	0	0.146
RECA_1	PS00321	A-L-[KR]-[IF]-[FY]-[STA]-[STAD]-[LIVMQ]-R	8	AL(K|R)(I|F)(F|Y)(S|T|A)(S|T|A|D)(L|I|V|M|Q)R	9.779	0.49173	0.005345	0.009892	2.661	5	1023	5	1018	0	0.390
HISTONE_H3_1	PS00322	K-A-P-R-K-[QH]-[LI]	6	KAPRK(Q|H)(L|I)	9.379	0.438956	0.004441	0.003311	2.892	4	987	4	983	0	0.148
BETA_LACTAMASE_C	PS00336	[FY]-E-[LIVM]-G-S-[LIVMG]-[SA]-K	7	(F|Y)E(L|I|V|M)GS(L|I|V|M|G)(S|A)K	9.523	0.562473	0.003632	0.003506	4.649	2	1023	4	1021	2	0.128
SURFACT_PALMITOYL	PS00341	I-P-C-C-P-V	5	IPCCPV	9.281	0.308268	0.002452	0.007183	2.751	1	652	7	651	6	0.108
ETS_DOMAIN_1	PS00345	L-[FYW]-[QEDH]-F-[LI]-[LVQK]-{N}-[LI]-L	8	L(F|Y|W)(Q|E|D|H)F(L|I)(L|V|Q|K)(P|E|I|F|L|W|Y|G|C|D|M|V|H|S|T|Q|R|A|K)(L|I)L	9.781	0.451253	0.024217	0.057755	4.731	20	1015	25	995	5	0.394
P53	PS00348	M-C-N-S-S-C-[MV]-G-G-M-N-R-R	12	MCNSSC(M|V)GGMNRR	9.894	0.229343	0.002389	0.000824	3.213	1	528	1	527	0	0.147
CTF_NFI_1	PS00349	R-K-R-K-Y-F-K-K-H-E-K-R	11	RKRKYFKKHEKR	9.992	0.396398	0.000902	0.001096	2.768	2	902	2	900	0	0.108
HMG14_17	PS00355	[RQ]-R-S-A-[RS]-L-S-A-[RKM]-[PL]	9	(R|Q)RSA(R|S)LSA(R|K|M)(P|L)	9.927	0.472618	0.001991	0.002568	4.503	3	1023	3	1020	0	0.122
PTS_HPR_HIS	PS00369	G-[LIVM]-H-[STAV]-R-[PAS]-[GSTA]-[STAMVN]	7	G(L|I|V|M)H(S|T|A|V)R(P|A|S)(G|S|T|A)(S|T|A|M|V|N)	10.107	0.459377	0.012678	0.016382	4.456	14	1021	20	1007	6	0.362
PPASE	PS00387	D-[SGDN]-D-[PE]-[LIVMF]-D-[LIVMGAC]	6	D(S|G|D|N)D(P|E)(L|I|V|M|F)D(L|I|V|M|G|A|C)	9.425	0.454339	0.048711	0.06943	3.976	76	1023	144	947	68	0.355
43_KD_POSTSYNAPTIC	PS00405	G-Q-D-Q-T-K-Q-Q-I	8	GQDQTKQQI	9.652	0.42164	0.002157	0.000625	2.684	1	964	1	963	0	0.149
G_DYNAMIN_1	PS00410	L-P-[RKT]-[GD]-[STNKEA]-[GND]-[LIVMG]-[VICA]-T-R	9	LP(R|K|T)(G|D)(S|T|N|K|E|A)(G|N|D)(L|I|V|M|G)(V|I|C|A)TR	9.831	0.457425	0.012263	0.02971	3.208	9	1023	9	1014	0	0.392
SYNAPSIN_1	PS00415	L-R-R-R-L-S-D-S	7	LRRRLSDS	9.685	0.647534	0.002853	0.000717	3.078	1	1013	1	1012	0	0.156
SYNAPSIN_2	PS00416	G-H-A-H-[SA]-G-M-G-K-[IV]-K	10	GHAH(S|A)GMGK(I|V)K	9.838	0.543263	0.000584	0.000819	2.584	1	967	1	966	0	0.125
PHOTOSYSTEM_I_PSAAB	PS00419	C-D-G-P-[GE]-R-G-G-T-C	9	CDGP(G|E)RGGTC	9.459	0.401211	0.002691	0.001122	2.214	2	839	2	837	0	0.124
SMALL_HYDR_PLANT_SEED	PS00431	G-[EQ]-T-V-V-P-G-G-T	8	G(E|Q)TVVPGGT	9.651	0.516188	0.004416	0.001922	4.128	4	1012	4	1008	0	0.342
ATPASE_A	PS00449	[STAGN]-{E}-[STAG]-[LIVMF]-R-L-{LP}-[SAGV]-N-[LIVMT]	9	(S|T|A|G|N)(Y|P|D|N|G|S|H|L|A|V|M|R|Q|T|W|K|F|C|I)(S|T|A|G)(L|I|V|M|F)RL(Y|D|N|G|S|H|A|E|V|M|R|Q|T|W|K|F|C|I)(S|A|G|V)N(L|I|V|M|T)	11.507	0.50975	0.029085	0.130002	47.869	12	1023	54	1011	42	0.767
A_DEAMINASE	PS00485	[SA]-[LIVM]-[NGS]-[STA]-D-D-P	6	(S|A)(L|I|V|M)(N|G|S)(S|T|A)DDP	9.819	0.472912	0.0133	0.020875	7.817	14	1003	46	989	32	0.316
PII_GLNB_UMP	PS00496	Y-[KR]-G-[AS]-[AE]-Y	5	Y(K|R)G(A|S)(A|E)Y	9.167	0.467654	0.00675	0.032109	2.827	9	1017	100	1008	91	0.265
SPASE_I_1	PS00501	[GS]-{PR}-S-M-{RS}-[PS]-[AT]-[LF]	7	(G|S)(M|Y|V|C|Q|F|E|A|H|W|N|L|K|T|D|I|S|G)SM(M|Y|V|C|Q|F|E|A|H|W|N|L|K|T|D|I|P|G)(P|S)(A|T)(L|F)	10.138	0.453288	0.027679	0.053944	17.277	23	1023	74	1000	51	0.588
PEPCK_GTP	PS00505	[FY]-P-S-[AGMS]-C-G-K-T-[NS]	8	(F|Y)PS(A|G|M|S)CGKT(N|S)	9.665	0.419033	0.004153	0.001946	4.444	2	930	2	928	0	0.167
RNASE_3_1	PS00517	[DEQ]-[KRQT]-[LMF]-E-[FYW]-[LV]-G-D-[SARHG]	8	(D|E|Q)(K|R|Q|T)(L|M|F)E(F|Y|W)(L|V)GD(S|A|R|H|G)	10.904	0.497726	0.003598	0.003828	10.673	1	1022	9	1021	8	0.149
PYROKININ	PS00539	F-[GSTV]-P-R-L-[G>]	5	F(G|S|T|V)PRL(G|$)	9.339	0.581338	0.031949	0.05922	3.784	40	1014	160	974	120	0.270
TP1	PS00541	S-K-R-K-Y-R-K	6	SKRKYRK	9.542	0.475014	0.008635	0.001496	2.925	2	966	3	964	1	0.151
FMN_HYDROXY_ACID_DH_1	PS00557	S-N-H-G-[AG]-R-Q	6	SNHG(A|G)RQ	10.271	0.409608	0.014004	0.00579	3.176	13	918	14	905	1	0.128
ARGININOSUCCIN_SYN_1	PS00564	[ASL]-[FY]-S-G-G-[LV]-D-T-[ST]	8	(A|S|L)(F|Y)SGG(L|V)DT(S|T)	10.38	0.44478	0.003879	0.002193	9.26	2	1016	2	1014	0	0.124
MYELIN_MBP	PS00569	V-V-H-F-F-K-N	6	VVHFFKN	9.554	0.357014	0.000589	0.000589	2.225	1	821	1	820	0	0.111
GLYCOSYL_HYDROL_F1_1	PS00572	[LIVMFSTC]-[LIVFYS]-[LIV]-[LIVMST]-E-N-G-[LIVMFAR]-[CSAGN]	8	(L|I|V|M|F|S|T|C)(L|I|V|F|Y|S)(L|I|V)(L|I|V|M|S|T)ENG(L|I|V|M|F|A|R)(C|S|A|G|N)	12.336	0.452421	0.022385	0.021481	36.726	18	1020	87	1002	69	0.132
MYELIN_PLP_1	PS00575	G-[MV]-A-L-F-C-G-C-G-H	9	G(M|V)ALFCGCGH	10.169	0.248519	0.003524	0.001454	4.12	3	560	3	557	0	0.344
HEME_OXYGENASE	PS00593	L-[IV]-A-H-[STACH]-Y-[STV]-[RT]-Y-[LIVM]-G	10	L(I|V)AH(S|T|A|C|H)Y(S|T|V)(R|T)Y(L|I|V|M)G	10.973	0.528055	0.004979	0.002996	4.331	3	1001	3	998	0	0.456
AA_TRANSFER_CLASS_2	PS00599	T-[LIVMFYW]-[STAG]-K-[SAG]-[LIVMFYWR]-[SAG]-{ENKR}-{TNDR}-[SAG]	9	T(L|I|V|M|F|Y|W)(S|T|A|G)K(S|A|G)(L|I|V|M|F|Y|W|R)(S|A|G)(I|A|Y|D|P|H|L|T|F|M|C|S|W|G|V|Q)(I|A|Y|P|H|L|E|F|M|C|W|G|S|K|V|Q)(S|A|G)	10.666	0.485546	0.150306	0.337447	5.492	130	1023	207	893	77	0.390
CYTOSOL_AP	PS00631	[NS]-[TS]-D-A-E-G-R-[LVMI]	7	(N|S)(T|S)DAEGR(L|V|M|I)	10.015	0.497289	0.005309	0.004174	5.942	6	1017	6	1011	0	0.171
GLYCOSYL_HYDROL_F6_2	PS00656	[LIVMYA]-[LIVA]-[LIVT]-[LIV]-E-P-D-[SAL]-[LI]-[PSAG]	9	(L|I|V|M|Y|A)(L|I|V|A)(L|I|V|T)(L|I|V)EPD(S|A|L)(L|I)(P|S|A|G)	11.644	0.473304	0.003732	0.004306	20.051	2	1004	8	1002	6	0.132
FORK_HEAD_2	PS00658	W-[QKR]-[NSD]-[SA]-[LIV]-R-H	6	W(Q|K|R)(N|S|D)(S|A)(L|I|V)RH	9.755	0.457141	0.012136	0.009227	3.024	18	1012	31	994	13	0.154
ALDEHYDE_DEHYDR_GLU	PS00687	[LIVMFGA]-E-[LIMSTAC]-[GS]-G-[KNLM]-[SADN]-[TAPFV]	7	(L|I|V|M|F|G|A)E(L|I|M|S|T|A|C)(G|S)G(K|N|L|M)(S|A|D|N)(T|A|P|F|V)	11.974	0.454412	0.078012	0.073399	15.787	80	1023	268	943	188	0.406
ENT_VIR_OMP_1	PS00694	G-[LIVMFY]-N-[LIVM]-K-Y-R-Y-E	8	G(L|I|V|M|F|Y)N(L|I|V|M)KYRYE	9.857	0.395482	0.00393	0.002769	4.867	4	900	4	896	0	0.403
DNA_LIGASE_A1	PS00697	[EDQH]-{K}-K-{VEDI}-[DN]-G-{GLYN}-R-[GACIVM]	8	(E|D|Q|H)(L|E|R|V|W|D|S|M|Q|T|F|A|C|P|N|H|G|Y|I)K(L|F|R|A|C|K|P|N|H|W|G|Y|S|M|Q|T)(D|N)G(E|F|R|A|C|K|P|V|H|W|D|S|I|M|Q|T)R(G|A|C|I|V|M)	10.938	0.450905	0.04789	0.14128	30.658	20	1023	86	1003	66	0.932
NITROGENASE_1_1	PS00699	[LIVMFYH]-[LIVMFST]-H-[AG]-[AGSP]-[LIVMNQA]-[AG]-C	7	(L|I|V|M|F|Y|H)(L|I|V|M|F|S|T)H(A|G)(A|G|S|P)(L|I|V|M|N|Q|A)(A|G)C	11.111	0.448849	0.00861	0.025037	29.332	4	1023	39	1019	35	0.222
SIGMA54_2	PS00718	R-R-T-[IV]-[ATN]-K-Y-R	7	RRT(I|V)(A|T|N)KYR	10.089	0.433963	0.002648	0.000913	2.665	1	995	1	994	0	0.314
FTHFS_1	PS00721	[GN]-[LIVMS]-K-G-[GST]-[AG]-[AST]-G-[GAS]-G-[YLHRKF]	10	(G|N)(L|I|V|M|S)KG(G|S|T)(A|G)(A|S|T)G(G|A|S)G(Y|L|H|R|K|F)	10.296	0.444721	0.005616	0.00881	8.916	5	1022	5	1017	0	0.161
AP_NUCLEASE_F2_2	PS00730	[GSARY]-[LIVMF]-[CT]-[LIVMFY]-D-T-C-H	7	(G|S|A|R|Y)(L|I|V|M|F)(C|T)(L|I|V|M|F|Y)DTCH	11.303	0.325647	0.003224	0.004941	18.818	3	741	5	738	2	0.238
RIBOSOMAL_S26E	PS00733	[YH]-C-[VI]-[SA]-C-A-I-H	7	(Y|H)C(V|I)(S|A)CAIH	9.524	0.41853	0.002746	0.002888	4.831	1	962	1	961	0	0.160
GLUTATHIONE_PEROXID_2	PS00763	[LIV]-[AGD]-F-P-[CS]-[NG]-Q-F	7	(L|I|V)(A|G|D)FP(C|S)(N|G)QF	10.303	0.437033	0.005228	0.003056	11.186	4	986	4	982	0	0.129
THF_DHG_CYH_2	PS00767	P-[GK]-G-[VI]-G-P-[MFI]-T-[IVA]	8	P(G|K)G(V|I)GP(M|F|I)T(I|V|A)	9.501	0.445947	0.004927	0.003221	3.886	5	1013	5	1008	0	0.292
BARWIN_2	PS00772	V-[DN]-Y-[EQD]-F-V-[DN]-C	7	V(D|N)Y(E|Q|D)FV(D|N)C	9.567	0.418366	0.005195	0.004305	3.267	5	955	5	950	0	0.387
1433_1	PS00796	[RA]-N-L-[LIV]-S-[VG]-[GA]-Y-[KN]-N-[IVA]	10	(R|A)NL(L|I|V)S(V|G)(G|A)Y(K|N)N(I|V|A)	10.317	0.468649	0.004505	0.00359	5.159	4	1019	4	1015	0	0.167
1433_2	PS00797	Y-K-[DE]-[SG]-T-L-I-[IML]-Q-L-[LF]-[RHC]-D-N-[LF]-T-[LS]-W-[TANS]-[SAD]	19	YK(D|E)(S|G)TLI(I|M|L)QL(L|F)(R|H|C)DN(L|F)T(L|S)W(T|A|N|S)(S|A|D)	10.706	0.420497	0.001754	0.003305	2.387	4	967	4	963	0	0.219
CYTO_HEME_LYASE_2	PS00822	P-F-D-R-H-D-W	6	PFDRHDW	9.298	0.25989	0.00433	0.001215	2.988	3	598	3	595	0	0.135
DEHYDRIN_2	PS00823	[KR]-[LIM]-K-[DE]-K-[LIM]-P-G	7	(K|R)(L|I|M)K(D|E)K(L|I|M)PG	10.06	0.445344	0.012183	0.007331	7.313	11	1021	12	1010	1	0.128
MARCKS_1	PS00826	G-Q-E-N-G-H-V-[KR]	7	GQENGHV(K|R)	10.055	0.412828	0.003232	0.001029	2.815	2	949	2	947	0	0.107
PREPHENATE_DEHYDR_2	PS00858	[LIVM]-[ST]-[KR]-[LIVMF]-E-[ST]-R-P	7	(L|I|V|M)(S|T)(K|R)(L|I|V|M|F)E(S|T)RP	11.043	0.444158	0.004704	0.003612	12.073	3	1020	5	1017	2	0.149
GALANIN	PS00861	G-W-T-L-N-S-A-G-Y-L-L-G-P	12	GWTLNSAGYLLGP	10.013	0.377663	0.000612	0.000782	2.662	1	816	1	815	0	0.107
CPSASE_2	PS00867	[LIVMF]-[LIMN]-E-[LIVMCA]-N-[PATLIVM]-[KR]-[LIVMSTAC]	7	(L|I|V|M|F)(L|I|M|N)E(L|I|V|M|C|A)N(P|A|T|L|I|V|M)(K|R)(L|I|V|M|S|T|A|C)	10.647	0.551204	0.044953	0.054066	16.968	45	1023	202	978	157	0.157
ILVD_EDD_2	PS00887	[SGALC]-[LIMF]-[LIVMF]-T-D-[GA]-R-[LIVMFY]-S-[GA]-[GAV]-[ST]	11	(S|G|A|L|C)(L|I|M|F)(L|I|V|M|F)TD(G|A)R(L|I|V|M|F|Y)S(G|A)(G|A|V)(S|T)	11.736	0.454316	0.006257	0.005722	21.859	4	1019	7	1015	3	1.483
UROD_1	PS00906	[SP]-[IVCLAM]-W-[LIVMFYC]-[LM]-R-[QR]-[AVS]-G-R	9	(S|P)(I|V|C|L|A|M)W(L|I|V|M|F|Y|C)(L|M)R(Q|R)(A|V|S)GR	10.427	0.453724	0.005426	0.00977	8.284	0	1010	2	1010	2	0.163
PIR_REPEAT_1	PS00929	S-Q-[IV]-[STGNH]-D-G-Q-[LIV]-Q-[AIV]-[STA]	10	SQ(I|V)(S|T|G|N|H)DGQ(L|I|V)Q(A|I|V)(S|T|A)	10.058	0.453829	0.007422	0.004576	3.016	6	1014	6	1008	0	0.353
ER_LUMEN_RECEPTOR_2	PS00952	L-E-[SA]-V-A-I-[LM]-P-Q-[LI]	9	LE(S|A)VAI(L|M)PQ(L|I)	9.979	0.560683	0.002305	0.00145	3.033	2	1013	2	1011	0	0.435
NMU	PS00967	F-[LIVMF]-F-R-P-R-N	6	F(L|I|V|M|F)FRPRN	9.318	0.426389	0.002673	0.000771	4.827	1	931	1	930	0	0.308
UROTENSIN_II	PS00984	C-F-W-K-Y-C	5	CFWKYC	9.103	0.117684	0.00227	0.002988	2.018	1	270	13	269	12	0.153
FHIPEP	PS00994	R-[LIVM]-[GSAT]-E-V-[GSAR]-A-R-F-[STAIV]-L-D-[GSA]-[LM]-P-G-K-Q-M-[GSA]-I-D-[GSA]-[DAE]	23	R(L|I|V|M)(G|S|A|T)EV(G|S|A|R)ARF(S|T|A|I|V)LD(G|S|A)(L|M)PGKQM(G|S|A)ID(G|S|A)(D|A|E)	11.624	0.425264	0.009014	0.011067	5.04	9	972	9	963	0	0.334
RIBOSOMAL_S21E	PS00996	[LV]-Y-[IVC]-P-R-K-C-S-[SAT]	8	(L|V)Y(I|V|C)PRKCS(S|A|T)	9.904	0.340782	0.000688	0.000949	5.252	1	784	1	783	0	0.168
TCTP_1	PS01002	[IFAED]-[GA]-[GASF]-N-[PAK]-S-[GTA]-E-[GDEVCF]-[PAGEQV]-[DEQGAV]	10	(I|F|A|E|D)(G|A)(G|A|S|F)N(P|A|K)S(G|T|A)E(G|D|E|V|C|F)(P|A|G|E|Q|V)(D|E|Q|G|A|V)	11.049	0.445593	0.005023	0.009307	16.06	2	1023	2	1021	0	0.135
PR55_1	PS01024	E-F-D-Y-L-K-S-L-E-I-E-E-K-I-N	14	EFDYLKSLEIEEKIN	10.38	0.414132	0.002111	0.001249	2.542	2	954	2	952	0	0.107
PR55_2	PS01025	[NH]-[AG]-H-[TAD]-Y-H-I-N-S-I-S-[LIVMN]-[NS]-S-D	14	(N|H)(A|G)H(T|A|D)YHINSIS(L|I|V|M|N)(N|S)SD	10.151	0.375133	0.001446	0.00217	6.385	2	862	2	860	0	0.123
PPM_1	PS01032	[LIVMFY]-[LIVMFYA]-[GSAC]-[LIVM]-[FYC]-D-G-H-[GAV]	8	(L|I|V|M|F|Y)(L|I|V|M|F|Y|A)(G|S|A|C)(L|I|V|M)(F|Y|C)DGH(G|A|V)	11.085	0.429012	0.00717	0.013154	30.433	4	985	9	981	5	0.125
STATHMIN_2	PS01041	A-E-[KR]-R-E-H-E-[KR]-E-V	9	AE(K|R)REHE(K|R)EV	9.957	0.437044	0.000643	0.0008	2.587	1	1004	1	1003	0	0.380
LON_SER	PS01046	D-G-[PD]-S-A-[GS]-[LIVMCA]-[TA]-[LIVM]	8	DG(P|D)SA(G|S)(L|I|V|M|C|A)(T|A)(L|I|V|M)	9.718	0.44275	0.003076	0.003541	2.474	2	1016	2	1014	0	0.343
HMG_COA_LYASE	PS01062	S-V-A-G-L-G-G-C-P-Y	9	SVAGLGGCPY	9.785	0.26893	0.000998	0.001073	2.934	2	619	2	617	0	0.145
NNMT_PNMT_TEMT	PS01100	L-I-D-I-G-S-G-P-T-[IV]-Y-Q-[LV]-L-[SA]-A-C	16	LIDIGSGPT(I|V)YQ(L|V)L(S|A)AC	10.77	0.422003	0.003535	0.002119	3.104	3	967	3	964	0	0.113
EF_TS_2	PS01127	[ELAS]-[LIVMF]-[NVCKGST]-[SCVA]-[QE]-T-D-[FS]-[VLA]-[SAT]-[KRNLAQS]	10	(E|L|A|S)(L|I|V|M|F)(N|V|C|K|G|S|T)(S|C|V|A)(Q|E)TD(F|S)(V|L|A)(S|A|T)(K|R|N|L|A|Q|S)	11.38	0.448583	0.007958	0.014438	18.816	4	1019	6	1015	2	0.123
ACID_PHOSPH_CL_A	PS01157	G-S-Y-P-S-G-H-T	7	GSYPSGHT	9.509	0.391676	0.000953	0.001059	2.835	2	901	2	899	0	0.104
CAVEOLIN	PS01210	F-E-D-[LV]-I-A-[DE]-[PA]	7	FED(L|V)IA(D|E)(P|A)	9.956	0.439722	0.000608	0.000892	2.421	1	1011	1	1010	0	0.243
PDXS_SNZ_1	PS01235	[LV]-P-[VI]-[VTPI]-[NQLHT]-[FL]-[ATVS]-[AS]-G-G-[LIV]-[AT]-T-P-[AQS]-D-[AGVS]-[AS]-[LM]	18	(L|V)P(V|I)(V|T|P|I)(N|Q|L|H|T)(F|L)(A|T|V|S)(A|S)GG(L|I|V)(A|T)TP(A|Q|S)D(A|G|V|S)(A|S)(L|M)	11.104	0.447123	0.006372	0.015763	6.83	4	1022	4	1018	0	0.165
PDXT_SNO_1	PS01236	[GARVS]-[LVI]-[ILAV]-[LIVF]-P-G-G-E-S-[TS]-[STAV]	10	(G|A|R|V|S)(L|V|I)(I|L|A|V)(L|I|V|F)PGGES(T|S)(S|T|A|V)	11.72	0.441112	0.002395	0.004612	19.3	3	1010	4	1007	1	0.483
ADENYLOSUCCIN_SYN_1	PS01266	[QGF]-[WLCF]-G-D-E-[GA]-K-[GA]	7	(Q|G|F)(W|L|C|F)GDE(G|A)K(G|A)	9.991	0.442955	0.005135	0.00309	11.05	3	1019	6	1016	3	0.170
ISPD	PS01295	[IVT]-[LIVMC]-[IVT]-[HS]-D-[SGAV]-[AV]-R	7	(I|V|T)(L|I|V|M|C)(I|V|T)(H|S)D(S|G|A|V)(A|V)R	10.242	0.447414	0.005995	0.01575	11.391	5	1023	35	1018	30	0.543
UPF0758	PS01302	H-N-H-P-[SQ]-G	5	HNHP(S|Q)G	9.23	0.332219	0.020731	0.022601	2.73	38	765	83	727	45	0.168
LYS_HYDROXYLASE	PS01325	P-H-H-D-[SA]-S-T-F	7	PHHD(S|A)STF	9.424	0.346486	0.002158	0.000649	3.283	1	798	1	797	0	0.128
ADOMETDC	PS01336	[SA]-[FY]-[LIV]-L-[STN]-E-S-S-[LIVMF]-F-[LIV]	10	(S|A)(F|Y)(L|I|V)L(S|T|N)ESS(L|I|V|M|F)F(L|I|V)	10.751	0.442698	0.002751	0.002084	6.282	1	1018	1	1017	0	0.132
ODC_AZ	PS01337	[LT]-L-E-[FY]-[AVC]-[DE]-[DE]-[KNQHT]-[LMT]	8	(L|T)LE(F|Y)(A|V|C)(D|E)(D|E)(K|N|Q|H|T)(L|M|T)	10.119	0.444443	0.003635	0.004708	5.607	2	1020	4	1018	2	0.127
COE	PS01345	C-S-R-C-C-[DE]-[KR]-K-S-C	9	CSRCC(D|E)(K|R)KSC	9.409	0.291799	0.004174	0.001186	1.982	3	623	3	620	0	0.110
NODA	PS01349	[RHQ]-[ST]-W-[GSA]-G-A-R-P-E	8	(R|H|Q)(S|T)W(G|S|A)GARPE	10.44	0.441299	0.001652	0.001152	7.759	1	959	1	958	0	0.124
PHOSPHOKETOLASE_1	PS60002	E-G-G-E-L-G-Y	6	EGGELGY	9.395	0.475324	0.004374	0.001588	2.624	4	1003	4	999	0	0.106
CYCLOTIDE_MOEBIUS	PS60009	C-[GA]-E-[ST]-C-[FTV]-[GLTI]-G-[TSK]-C	9	C(G|A)E(S|T)C(F|T|V)(G|L|T|I)G(T|S|K)C	9.621	0.468257	0.006375	0.004876	3.115	10	1013	10	1003	0	0.185
OMEGA_ACTX_1	PS60016	C-[IT]-P-S-G-Q-P-C	7	C(I|T)PSGQPC	9.372	0.338621	0.001741	0.000761	3.539	2	722	2	720	0	0.197
